{
"meta":{"test_sets":[],"test_metrics":[],"learn_metrics":[{"best_value":"Min","name":"Logloss"}],"launch_mode":"Train","parameters":"","iteration_count":100,"learn_sets":["learn"],"name":"experiment"},
"iterations":[
{"learn":[0.672641022],"iteration":0,"passed_time":0.1495716974,"remaining_time":14.80759804},
{"learn":[0.6531755852],"iteration":1,"passed_time":0.1563525127,"remaining_time":7.661273122},
{"learn":[0.6361862337],"iteration":2,"passed_time":0.1614735892,"remaining_time":5.220979384},
{"learn":[0.6170483213],"iteration":3,"passed_time":0.1691371832,"remaining_time":4.059292396},
{"learn":[0.599152382],"iteration":4,"passed_time":0.1783853102,"remaining_time":3.389320894},
{"learn":[0.5813559715],"iteration":5,"passed_time":0.1889117121,"remaining_time":2.959616823},
{"learn":[0.5641615897],"iteration":6,"passed_time":0.2085725546,"remaining_time":2.771035368},
{"learn":[0.5486740729],"iteration":7,"passed_time":0.2263205184,"remaining_time":2.602685962},
{"learn":[0.5342108987],"iteration":8,"passed_time":0.2517080777,"remaining_time":2.545048341},
{"learn":[0.5190252439],"iteration":9,"passed_time":0.2583583201,"remaining_time":2.325224881},
{"learn":[0.5044678582],"iteration":10,"passed_time":0.2658913679,"remaining_time":2.151302885},
{"learn":[0.4903119405],"iteration":11,"passed_time":0.2711667771,"remaining_time":1.988556365},
{"learn":[0.4765361824],"iteration":12,"passed_time":0.2772663587,"remaining_time":1.855551785},
{"learn":[0.4641057409],"iteration":13,"passed_time":0.2814262072,"remaining_time":1.728760987},
{"learn":[0.4517198042],"iteration":14,"passed_time":0.2852772355,"remaining_time":1.616571001},
{"learn":[0.4392191569],"iteration":15,"passed_time":0.2900850446,"remaining_time":1.522946484},
{"learn":[0.4278279699],"iteration":16,"passed_time":0.2941420381,"remaining_time":1.436105245},
{"learn":[0.4174373126],"iteration":17,"passed_time":0.297854188,"remaining_time":1.356891301},
{"learn":[0.4060451238],"iteration":18,"passed_time":0.3013287159,"remaining_time":1.284611894},
{"learn":[0.3956308847],"iteration":19,"passed_time":0.3070715843,"remaining_time":1.228286337},
{"learn":[0.3866582543],"iteration":20,"passed_time":0.3102669398,"remaining_time":1.167194678},
{"learn":[0.3774867202],"iteration":21,"passed_time":0.313365269,"remaining_time":1.111022317},
{"learn":[0.3682928374],"iteration":22,"passed_time":0.3159457608,"remaining_time":1.05773146},
{"learn":[0.3587509695],"iteration":23,"passed_time":0.3195559649,"remaining_time":1.011927222},
{"learn":[0.3507775201],"iteration":24,"passed_time":0.3228598168,"remaining_time":0.9685794503},
{"learn":[0.3426036642],"iteration":25,"passed_time":0.3256351054,"remaining_time":0.9268076076},
{"learn":[0.3344056101],"iteration":26,"passed_time":0.3283164507,"remaining_time":0.8876704036},
{"learn":[0.3265177409],"iteration":27,"passed_time":0.3312460373,"remaining_time":0.8517755245},
{"learn":[0.31891293],"iteration":28,"passed_time":0.33466484,"remaining_time":0.8193518496},
{"learn":[0.3109427173],"iteration":29,"passed_time":0.3373353097,"remaining_time":0.7871157227},
{"learn":[0.3037426881],"iteration":30,"passed_time":0.3399697814,"remaining_time":0.7567069327},
{"learn":[0.2969988043],"iteration":31,"passed_time":0.3426773965,"remaining_time":0.7281894675},
{"learn":[0.2902232469],"iteration":32,"passed_time":0.345717549,"remaining_time":0.7019113873},
{"learn":[0.284189571],"iteration":33,"passed_time":0.3486859411,"remaining_time":0.6768609444},
{"learn":[0.2776106247],"iteration":34,"passed_time":0.3516904926,"remaining_time":0.6531394863},
{"learn":[0.2708533316],"iteration":35,"passed_time":0.3544144416,"remaining_time":0.6300701184},
{"learn":[0.264067409],"iteration":36,"passed_time":0.357258721,"remaining_time":0.6083053898},
{"learn":[0.2577999385],"iteration":37,"passed_time":0.3597042817,"remaining_time":0.5868859332},
{"learn":[0.2517132422],"iteration":38,"passed_time":0.3621558845,"remaining_time":0.5664489475},
{"learn":[0.2472366179],"iteration":39,"passed_time":0.3654472593,"remaining_time":0.5481708889},
{"learn":[0.2419490044],"iteration":40,"passed_time":0.3684979474,"remaining_time":0.530277534},
{"learn":[0.2369821337],"iteration":41,"passed_time":0.3715141528,"remaining_time":0.5130433538},
{"learn":[0.231947947],"iteration":42,"passed_time":0.3742276566,"remaining_time":0.4960692193},
{"learn":[0.2268695639],"iteration":43,"passed_time":0.376754531,"remaining_time":0.4795057667},
{"learn":[0.2225113878],"iteration":44,"passed_time":0.3807963654,"remaining_time":0.4654177799},
{"learn":[0.2182774785],"iteration":45,"passed_time":0.3838913187,"remaining_time":0.4506550264},
{"learn":[0.2139025987],"iteration":46,"passed_time":0.3868951433,"remaining_time":0.4362860127},
{"learn":[0.2092731746],"iteration":47,"passed_time":0.389618476,"remaining_time":0.4220866824},
{"learn":[0.2054581883],"iteration":48,"passed_time":0.3922622434,"remaining_time":0.4082729472},
{"learn":[0.2013627062],"iteration":49,"passed_time":0.3954178147,"remaining_time":0.3954178147},
{"learn":[0.1972320441],"iteration":50,"passed_time":0.3979261143,"remaining_time":0.3823211686},
{"learn":[0.1932510415],"iteration":51,"passed_time":0.4005661918,"remaining_time":0.3697534078},
{"learn":[0.189292638],"iteration":52,"passed_time":0.4033825116,"remaining_time":0.3577165669},
{"learn":[0.1858816436],"iteration":53,"passed_time":0.4058020506,"remaining_time":0.3456832283},
{"learn":[0.1828764328],"iteration":54,"passed_time":0.408455568,"remaining_time":0.3341909192},
{"learn":[0.179747148],"iteration":55,"passed_time":0.4107668449,"remaining_time":0.3227453781},
{"learn":[0.1769625731],"iteration":56,"passed_time":0.4131949599,"remaining_time":0.3117084785},
{"learn":[0.1735836954],"iteration":57,"passed_time":0.4180882411,"remaining_time":0.3027535539},
{"learn":[0.1707237128],"iteration":58,"passed_time":0.4214375503,"remaining_time":0.2928633824},
{"learn":[0.1674489879],"iteration":59,"passed_time":0.4248832384,"remaining_time":0.2832554923},
{"learn":[0.1641852832],"iteration":60,"passed_time":0.4276894762,"remaining_time":0.2734408126},
{"learn":[0.1609271464],"iteration":61,"passed_time":0.4304073288,"remaining_time":0.2637980402},
{"learn":[0.1577407856],"iteration":62,"passed_time":0.4337039291,"remaining_time":0.254715006},
{"learn":[0.1549483598],"iteration":63,"passed_time":0.4364653945,"remaining_time":0.2455117844},
{"learn":[0.1523893915],"iteration":64,"passed_time":0.4400185388,"remaining_time":0.2369330594},
{"learn":[0.1498363572],"iteration":65,"passed_time":0.4437806155,"remaining_time":0.2286142565},
{"learn":[0.1474077533],"iteration":66,"passed_time":0.4463508546,"remaining_time":0.2198444508},
{"learn":[0.1450808747],"iteration":67,"passed_time":0.4491300739,"remaining_time":0.2113553289},
{"learn":[0.1425754085],"iteration":68,"passed_time":0.4515230747,"remaining_time":0.202858193},
{"learn":[0.1400557817],"iteration":69,"passed_time":0.4541625996,"remaining_time":0.1946411141},
{"learn":[0.1377177383],"iteration":70,"passed_time":0.4565355217,"remaining_time":0.1864722553},
{"learn":[0.1351211625],"iteration":71,"passed_time":0.4586421375,"remaining_time":0.1783608313},
{"learn":[0.1331736825],"iteration":72,"passed_time":0.460907016,"remaining_time":0.170472458},
{"learn":[0.1309845472],"iteration":73,"passed_time":0.4630820128,"remaining_time":0.162704491},
{"learn":[0.1286410515],"iteration":74,"passed_time":0.4653780749,"remaining_time":0.155126025},
{"learn":[0.1266142335],"iteration":75,"passed_time":0.4679304321,"remaining_time":0.1477675049},
{"learn":[0.12454109],"iteration":76,"passed_time":0.4707611364,"remaining_time":0.1406169628},
{"learn":[0.1225848535],"iteration":77,"passed_time":0.4728180264,"remaining_time":0.1333589305},
{"learn":[0.1204261972],"iteration":78,"passed_time":0.4752275889,"remaining_time":0.1263263211},
{"learn":[0.1188082647],"iteration":79,"passed_time":0.4775598169,"remaining_time":0.1193899542},
{"learn":[0.1168580103],"iteration":80,"passed_time":0.4797936566,"remaining_time":0.112544191},
{"learn":[0.1152787449],"iteration":81,"passed_time":0.4817863032,"remaining_time":0.105757969},
{"learn":[0.113696108],"iteration":82,"passed_time":0.4842782724,"remaining_time":0.09918952567},
{"learn":[0.1120164563],"iteration":83,"passed_time":0.4864811947,"remaining_time":0.09266308471},
{"learn":[0.1102742089],"iteration":84,"passed_time":0.4883410998,"remaining_time":0.08617784114},
{"learn":[0.1085400341],"iteration":85,"passed_time":0.4903193691,"remaining_time":0.07981943218},
{"learn":[0.1067215987],"iteration":86,"passed_time":0.492772687,"remaining_time":0.07363270035},
{"learn":[0.1048343639],"iteration":87,"passed_time":0.4947314585,"remaining_time":0.0674633807},
{"learn":[0.103175616],"iteration":88,"passed_time":0.4965971524,"remaining_time":0.06137717615},
{"learn":[0.101610858],"iteration":89,"passed_time":0.4991011654,"remaining_time":0.05545568505},
{"learn":[0.1002518432],"iteration":90,"passed_time":0.5016763645,"remaining_time":0.04961634374},
{"learn":[0.09860246832],"iteration":91,"passed_time":0.5036756413,"remaining_time":0.04379788185},
{"learn":[0.09705318104],"iteration":92,"passed_time":0.5074578647,"remaining_time":0.03819575326},
{"learn":[0.09591015902],"iteration":93,"passed_time":0.5103040204,"remaining_time":0.03257259705},
{"learn":[0.09442135782],"iteration":94,"passed_time":0.5129763947,"remaining_time":0.02699875762},
{"learn":[0.093037114],"iteration":95,"passed_time":0.5150477452,"remaining_time":0.02146032272},
{"learn":[0.09183883667],"iteration":96,"passed_time":0.5167610891,"remaining_time":0.01598230173},
{"learn":[0.09063934557],"iteration":97,"passed_time":0.5185786118,"remaining_time":0.01058323698},
{"learn":[0.08938980103],"iteration":98,"passed_time":0.5205407555,"remaining_time":0.00525798743},
{"learn":[0.08833095281],"iteration":99,"passed_time":0.5223255084,"remaining_time":0}
]}