{
"meta":{"test_sets":[],"test_metrics":[],"learn_metrics":[{"best_value":"Min","name":"Logloss"}],"launch_mode":"Train","parameters":"","iteration_count":100,"learn_sets":["learn"],"name":"experiment"},
"iterations":[
{"learn":[0.672641022],"iteration":0,"passed_time":0.1487243203,"remaining_time":14.72370771},
{"learn":[0.6531755852],"iteration":1,"passed_time":0.1512166598,"remaining_time":7.409616331},
{"learn":[0.6361862337],"iteration":2,"passed_time":0.1532220467,"remaining_time":4.95417951},
{"learn":[0.6170483213],"iteration":3,"passed_time":0.1551003486,"remaining_time":3.722408367},
{"learn":[0.599152382],"iteration":4,"passed_time":0.1571917979,"remaining_time":2.986644161},
{"learn":[0.5813559715],"iteration":5,"passed_time":0.1599198554,"remaining_time":2.505411067},
{"learn":[0.5641615897],"iteration":6,"passed_time":0.1617384506,"remaining_time":2.148810844},
{"learn":[0.5486740729],"iteration":7,"passed_time":0.1638178436,"remaining_time":1.883905201},
{"learn":[0.5342108987],"iteration":8,"passed_time":0.1656847278,"remaining_time":1.675256693},
{"learn":[0.5190252439],"iteration":9,"passed_time":0.1681755469,"remaining_time":1.513579922},
{"learn":[0.5044678582],"iteration":10,"passed_time":0.1702561109,"remaining_time":1.377526716},
{"learn":[0.4903119405],"iteration":11,"passed_time":0.172473843,"remaining_time":1.264808182},
{"learn":[0.4765361824],"iteration":12,"passed_time":0.1746288326,"remaining_time":1.16866988},
{"learn":[0.4641057409],"iteration":13,"passed_time":0.176387251,"remaining_time":1.083521685},
{"learn":[0.4517198042],"iteration":14,"passed_time":0.1782556383,"remaining_time":1.010115284},
{"learn":[0.4392191569],"iteration":15,"passed_time":0.17999408,"remaining_time":0.94496892},
{"learn":[0.4278279699],"iteration":16,"passed_time":0.1817208313,"remaining_time":0.8872252352},
{"learn":[0.4174373126],"iteration":17,"passed_time":0.183426526,"remaining_time":0.8356097294},
{"learn":[0.4060451238],"iteration":18,"passed_time":0.1852629526,"remaining_time":0.7898052188},
{"learn":[0.3956308847],"iteration":19,"passed_time":0.1876958161,"remaining_time":0.7507832643},
{"learn":[0.3866582543],"iteration":20,"passed_time":0.1896607388,"remaining_time":0.7134856366},
{"learn":[0.3774867202],"iteration":21,"passed_time":0.1915804749,"remaining_time":0.6792398655},
{"learn":[0.3682928374],"iteration":22,"passed_time":0.1931806259,"remaining_time":0.6467351388},
{"learn":[0.3587509695],"iteration":23,"passed_time":0.1950253367,"remaining_time":0.6175802328},
{"learn":[0.3507775201],"iteration":24,"passed_time":0.1968958737,"remaining_time":0.5906876212},
{"learn":[0.3426036642],"iteration":25,"passed_time":0.1984737348,"remaining_time":0.5648867837},
{"learn":[0.3344056101],"iteration":26,"passed_time":0.2002056224,"remaining_time":0.5412966829},
{"learn":[0.3265177409],"iteration":27,"passed_time":0.20258541,"remaining_time":0.5209339113},
{"learn":[0.31891293],"iteration":28,"passed_time":0.2054174306,"remaining_time":0.502918537},
{"learn":[0.3109427173],"iteration":29,"passed_time":0.2071277343,"remaining_time":0.4832980466},
{"learn":[0.3037426881],"iteration":30,"passed_time":0.2091981486,"remaining_time":0.4656345888},
{"learn":[0.2969988043],"iteration":31,"passed_time":0.2109312955,"remaining_time":0.448229003},
{"learn":[0.2902232469],"iteration":32,"passed_time":0.212582286,"remaining_time":0.4316064595},
{"learn":[0.284189571],"iteration":33,"passed_time":0.2145649996,"remaining_time":0.4165085286},
{"learn":[0.2776106247],"iteration":34,"passed_time":0.216449925,"remaining_time":0.4019784322},
{"learn":[0.2708533316],"iteration":35,"passed_time":0.2184014771,"remaining_time":0.3882692927},
{"learn":[0.264067409],"iteration":36,"passed_time":0.2202304875,"remaining_time":0.3749870463},
{"learn":[0.2577999385],"iteration":37,"passed_time":0.2221251597,"remaining_time":0.3624147342},
{"learn":[0.2517132422],"iteration":38,"passed_time":0.2238856222,"remaining_time":0.3501800757},
{"learn":[0.2472366179],"iteration":39,"passed_time":0.2256112856,"remaining_time":0.3384169284},
{"learn":[0.2419490044],"iteration":40,"passed_time":0.227496985,"remaining_time":0.3273737101},
{"learn":[0.2369821337],"iteration":41,"passed_time":0.2293489457,"remaining_time":0.3167199726},
{"learn":[0.231947947],"iteration":42,"passed_time":0.2314660657,"remaining_time":0.3068271103},
{"learn":[0.2268695639],"iteration":43,"passed_time":0.2344542532,"remaining_time":0.2983963222},
{"learn":[0.2225113878],"iteration":44,"passed_time":0.2363091831,"remaining_time":0.2888223349},
{"learn":[0.2182774785],"iteration":45,"passed_time":0.2389280086,"remaining_time":0.2804807058},
{"learn":[0.2139025987],"iteration":46,"passed_time":0.2413026382,"remaining_time":0.2721072303},
{"learn":[0.2092731746],"iteration":47,"passed_time":0.2434679713,"remaining_time":0.2637569689},
{"learn":[0.2054581883],"iteration":48,"passed_time":0.2455211308,"remaining_time":0.2555424014},
{"learn":[0.2013627062],"iteration":49,"passed_time":0.2479234361,"remaining_time":0.2479234361},
{"learn":[0.1972320441],"iteration":50,"passed_time":0.250022787,"remaining_time":0.2402179718},
{"learn":[0.1932510415],"iteration":51,"passed_time":0.251883251,"remaining_time":0.2325076163},
{"learn":[0.189292638],"iteration":52,"passed_time":0.2541160709,"remaining_time":0.2253482138},
{"learn":[0.1858816436],"iteration":53,"passed_time":0.2559488592,"remaining_time":0.2180305097},
{"learn":[0.1828764328],"iteration":54,"passed_time":0.2582062221,"remaining_time":0.2112596363},
{"learn":[0.179747148],"iteration":55,"passed_time":0.2604215116,"remaining_time":0.2046169019},
{"learn":[0.1769625731],"iteration":56,"passed_time":0.2629324057,"remaining_time":0.1983525166},
{"learn":[0.1735836954],"iteration":57,"passed_time":0.264828879,"remaining_time":0.1917726365},
{"learn":[0.1707237128],"iteration":58,"passed_time":0.2668744928,"remaining_time":0.185455156},
{"learn":[0.1674489879],"iteration":59,"passed_time":0.2688124204,"remaining_time":0.1792082802},
{"learn":[0.1641852832],"iteration":60,"passed_time":0.270616675,"remaining_time":0.1730172185},
{"learn":[0.1609271464],"iteration":61,"passed_time":0.272490326,"remaining_time":0.1670101998},
{"learn":[0.1577407856],"iteration":62,"passed_time":0.2742971745,"remaining_time":0.161095166},
{"learn":[0.1549483598],"iteration":63,"passed_time":0.2761209306,"remaining_time":0.1553180235},
{"learn":[0.1523893915],"iteration":64,"passed_time":0.2783293333,"remaining_time":0.149869641},
{"learn":[0.1498363572],"iteration":65,"passed_time":0.2802011246,"remaining_time":0.1443460339},
{"learn":[0.1474077533],"iteration":66,"passed_time":0.281938686,"remaining_time":0.1388653229},
{"learn":[0.1450808747],"iteration":67,"passed_time":0.2837672312,"remaining_time":0.1335375206},
{"learn":[0.1425754085],"iteration":68,"passed_time":0.285730248,"remaining_time":0.1283715607},
{"learn":[0.1400557817],"iteration":69,"passed_time":0.2877218158,"remaining_time":0.1233093496},
{"learn":[0.1377177383],"iteration":70,"passed_time":0.2911428977,"remaining_time":0.1189175216},
{"learn":[0.1351211625],"iteration":71,"passed_time":0.295711237,"remaining_time":0.1149988144},
{"learn":[0.1331736825],"iteration":72,"passed_time":0.2976929177,"remaining_time":0.1101055997},
{"learn":[0.1309845472],"iteration":73,"passed_time":0.2995611278,"remaining_time":0.1052512071},
{"learn":[0.1286410515],"iteration":74,"passed_time":0.3014736256,"remaining_time":0.1004912085},
{"learn":[0.1266142335],"iteration":75,"passed_time":0.3035244849,"remaining_time":0.09584983733},
{"learn":[0.12454109],"iteration":76,"passed_time":0.3053420653,"remaining_time":0.09120607145},
{"learn":[0.1225848535],"iteration":77,"passed_time":0.3076044886,"remaining_time":0.08676024038},
{"learn":[0.1204261972],"iteration":78,"passed_time":0.3095500473,"remaining_time":0.08228545561},
{"learn":[0.1188082647],"iteration":79,"passed_time":0.3114515274,"remaining_time":0.07786288185},
{"learn":[0.1168580103],"iteration":80,"passed_time":0.3132768127,"remaining_time":0.07348468445},
{"learn":[0.1152787449],"iteration":81,"passed_time":0.3155097888,"remaining_time":0.06925824632},
{"learn":[0.113696108],"iteration":82,"passed_time":0.3177500379,"remaining_time":0.06508133306},
{"learn":[0.1120164563],"iteration":83,"passed_time":0.3203883968,"remaining_time":0.06102636129},
{"learn":[0.1102742089],"iteration":84,"passed_time":0.3224824768,"remaining_time":0.05690867238},
{"learn":[0.1085400341],"iteration":85,"passed_time":0.3244130034,"remaining_time":0.05281141915},
{"learn":[0.1067215987],"iteration":86,"passed_time":0.3262067691,"remaining_time":0.04874354021},
{"learn":[0.1048343639],"iteration":87,"passed_time":0.3280625149,"remaining_time":0.04473579749},
{"learn":[0.103175616],"iteration":88,"passed_time":0.3300825325,"remaining_time":0.0407967175},
{"learn":[0.101610858],"iteration":89,"passed_time":0.3316481925,"remaining_time":0.03684979917},
{"learn":[0.1002518432],"iteration":90,"passed_time":0.3334555242,"remaining_time":0.03297911778},
{"learn":[0.09860246832],"iteration":91,"passed_time":0.3354059342,"remaining_time":0.02916573341},
{"learn":[0.09705318104],"iteration":92,"passed_time":0.3377120643,"remaining_time":0.02541918764},
{"learn":[0.09591015902],"iteration":93,"passed_time":0.3394357646,"remaining_time":0.02166611264},
{"learn":[0.09442135782],"iteration":94,"passed_time":0.3411420705,"remaining_time":0.01795484582},
{"learn":[0.093037114],"iteration":95,"passed_time":0.3429149315,"remaining_time":0.01428812214},
{"learn":[0.09183883667],"iteration":96,"passed_time":0.3445417716,"remaining_time":0.01065593108},
{"learn":[0.09063934557],"iteration":97,"passed_time":0.3462050376,"remaining_time":0.00706540893},
{"learn":[0.08938980103],"iteration":98,"passed_time":0.3483382212,"remaining_time":0.003518567891},
{"learn":[0.08833095281],"iteration":99,"passed_time":0.3502902572,"remaining_time":0}
]}