{
"meta":{"test_sets":[],"test_metrics":[],"learn_metrics":[{"best_value":"Min","name":"Logloss"}],"launch_mode":"Train","parameters":"","iteration_count":100,"learn_sets":["learn"],"name":"experiment"},
"iterations":[
{"learn":[0.6257210163],"iteration":0,"passed_time":0.146012486,"remaining_time":14.45523611},
{"learn":[0.5658736951],"iteration":1,"passed_time":0.1481629621,"remaining_time":7.259985142},
{"learn":[0.5226108281],"iteration":2,"passed_time":0.1500397056,"remaining_time":4.851283814},
{"learn":[0.4732333097],"iteration":3,"passed_time":0.1521566263,"remaining_time":3.651759032},
{"learn":[0.4326337179],"iteration":4,"passed_time":0.1545471393,"remaining_time":2.936395647},
{"learn":[0.3970549612],"iteration":5,"passed_time":0.1563090391,"remaining_time":2.448841612},
{"learn":[0.3655912611],"iteration":6,"passed_time":0.1583420902,"remaining_time":2.10368777},
{"learn":[0.3392972465],"iteration":7,"passed_time":0.1604130083,"remaining_time":1.844749596},
{"learn":[0.315809038],"iteration":8,"passed_time":0.1622118172,"remaining_time":1.640141707},
{"learn":[0.2910130048],"iteration":9,"passed_time":0.1640968229,"remaining_time":1.476871407},
{"learn":[0.2688600945],"iteration":10,"passed_time":0.165984106,"remaining_time":1.342962312},
{"learn":[0.2505994084],"iteration":11,"passed_time":0.1677930537,"remaining_time":1.230482394},
{"learn":[0.2318203859],"iteration":12,"passed_time":0.1695644079,"remaining_time":1.134777191},
{"learn":[0.2156525236],"iteration":13,"passed_time":0.1713043459,"remaining_time":1.052298125},
{"learn":[0.2024561949],"iteration":14,"passed_time":0.1733636299,"remaining_time":0.9823939026},
{"learn":[0.18828209],"iteration":15,"passed_time":0.1753373529,"remaining_time":0.9205211027},
{"learn":[0.1757551636],"iteration":16,"passed_time":0.1772220859,"remaining_time":0.8652607723},
{"learn":[0.1650532424],"iteration":17,"passed_time":0.1788911166,"remaining_time":0.8149484201},
{"learn":[0.153148497],"iteration":18,"passed_time":0.1801697363,"remaining_time":0.7680920338},
{"learn":[0.1436161465],"iteration":19,"passed_time":0.181985239,"remaining_time":0.7279409559},
{"learn":[0.1351046032],"iteration":20,"passed_time":0.1835858438,"remaining_time":0.6906324598},
{"learn":[0.1277367081],"iteration":21,"passed_time":0.185273533,"remaining_time":0.6568788899},
{"learn":[0.120365085],"iteration":22,"passed_time":0.1870556699,"remaining_time":0.6262298513},
{"learn":[0.114571292],"iteration":23,"passed_time":0.1891890001,"remaining_time":0.5990985002},
{"learn":[0.1087364043],"iteration":24,"passed_time":0.1909803801,"remaining_time":0.5729411403},
{"learn":[0.1042376046],"iteration":25,"passed_time":0.192653135,"remaining_time":0.5483204611},
{"learn":[0.09875291767],"iteration":26,"passed_time":0.1941372162,"remaining_time":0.5248895105},
{"learn":[0.0945174092],"iteration":27,"passed_time":0.1958207321,"remaining_time":0.5035390253},
{"learn":[0.08966062527],"iteration":28,"passed_time":0.197561727,"remaining_time":0.4836856074},
{"learn":[0.08520443271],"iteration":29,"passed_time":0.1992644743,"remaining_time":0.4649504401},
{"learn":[0.08107968533],"iteration":30,"passed_time":0.2009342386,"remaining_time":0.4472407246},
{"learn":[0.07772334898],"iteration":31,"passed_time":0.202840228,"remaining_time":0.4310354846},
{"learn":[0.07429471642],"iteration":32,"passed_time":0.2048678303,"remaining_time":0.4159437767},
{"learn":[0.07145389403],"iteration":33,"passed_time":0.2067353878,"remaining_time":0.4013098704},
{"learn":[0.06878248851],"iteration":34,"passed_time":0.2084226951,"remaining_time":0.3870707195},
{"learn":[0.0659311468],"iteration":35,"passed_time":0.2100419057,"remaining_time":0.3734078323},
{"learn":[0.06307032614],"iteration":36,"passed_time":0.2116457825,"remaining_time":0.3603698459},
{"learn":[0.06053107676],"iteration":37,"passed_time":0.213392185,"remaining_time":0.3481661966},
{"learn":[0.05849763119],"iteration":38,"passed_time":0.2152678369,"remaining_time":0.3367009756},
{"learn":[0.05622210647],"iteration":39,"passed_time":0.2169775943,"remaining_time":0.3254663914},
{"learn":[0.05430072727],"iteration":40,"passed_time":0.218727297,"remaining_time":0.3147539152},
{"learn":[0.05248344787],"iteration":41,"passed_time":0.2203338874,"remaining_time":0.3042706065},
{"learn":[0.05060044684],"iteration":42,"passed_time":0.2218637817,"remaining_time":0.2940985014},
{"learn":[0.04884019524],"iteration":43,"passed_time":0.2237433357,"remaining_time":0.2847642455},
{"learn":[0.04717770971],"iteration":44,"passed_time":0.2252447119,"remaining_time":0.2752990923},
{"learn":[0.0454602675],"iteration":45,"passed_time":0.2267629677,"remaining_time":0.2662000056},
{"learn":[0.04402256975],"iteration":46,"passed_time":0.2286576522,"remaining_time":0.2578479907},
{"learn":[0.0428846918],"iteration":47,"passed_time":0.2302945657,"remaining_time":0.2494857795},
{"learn":[0.04159409109],"iteration":48,"passed_time":0.2340539298,"remaining_time":0.2436071514},
{"learn":[0.04030380345],"iteration":49,"passed_time":0.235972548,"remaining_time":0.235972548},
{"learn":[0.03886162633],"iteration":50,"passed_time":0.2377304675,"remaining_time":0.228407704},
{"learn":[0.03774272312],"iteration":51,"passed_time":0.2394526989,"remaining_time":0.2210332605},
{"learn":[0.03675030458],"iteration":52,"passed_time":0.2412709657,"remaining_time":0.2139572715},
{"learn":[0.03573519774],"iteration":53,"passed_time":0.2429780645,"remaining_time":0.2069813142},
{"learn":[0.03478018443],"iteration":54,"passed_time":0.2446355913,"remaining_time":0.2001563929},
{"learn":[0.0338014015],"iteration":55,"passed_time":0.2478014782,"remaining_time":0.1947011615},
{"learn":[0.03295236164],"iteration":56,"passed_time":0.2500473004,"remaining_time":0.188632174},
{"learn":[0.03201280459],"iteration":57,"passed_time":0.2519459477,"remaining_time":0.1824436173},
{"learn":[0.03120925691],"iteration":58,"passed_time":0.2537801755,"remaining_time":0.1763557152},
{"learn":[0.03040824274],"iteration":59,"passed_time":0.255504353,"remaining_time":0.1703362353},
{"learn":[0.02968109979],"iteration":60,"passed_time":0.2574698911,"remaining_time":0.1646118976},
{"learn":[0.02890849595],"iteration":61,"passed_time":0.2592274243,"remaining_time":0.1588813245},
{"learn":[0.02827308876],"iteration":62,"passed_time":0.2610706442,"remaining_time":0.1533272038},
{"learn":[0.02758145814],"iteration":63,"passed_time":0.2631357287,"remaining_time":0.1480138474},
{"learn":[0.02701731162],"iteration":64,"passed_time":0.2652593425,"remaining_time":0.1428319537},
{"learn":[0.02636739943],"iteration":65,"passed_time":0.267279848,"remaining_time":0.1376896187},
{"learn":[0.0258409712],"iteration":66,"passed_time":0.2692343699,"remaining_time":0.1326079732},
{"learn":[0.02530975775],"iteration":67,"passed_time":0.2708261778,"remaining_time":0.1274476131},
{"learn":[0.0247923509],"iteration":68,"passed_time":0.2726913653,"remaining_time":0.122513512},
{"learn":[0.02432853044],"iteration":69,"passed_time":0.2745416778,"remaining_time":0.117660719},
{"learn":[0.02387585303],"iteration":70,"passed_time":0.2764646395,"remaining_time":0.1129221767},
{"learn":[0.02338758864],"iteration":71,"passed_time":0.2788483002,"remaining_time":0.1084410056},
{"learn":[0.02294062846],"iteration":72,"passed_time":0.280719184,"remaining_time":0.1038276434},
{"learn":[0.02252519492],"iteration":73,"passed_time":0.2824884742,"remaining_time":0.09925270715},
{"learn":[0.02210877881],"iteration":74,"passed_time":0.2844273599,"remaining_time":0.09480911998},
{"learn":[0.02169237956],"iteration":75,"passed_time":0.2863807287,"remaining_time":0.09043601958},
{"learn":[0.02133013263],"iteration":76,"passed_time":0.28822553,"remaining_time":0.08609334014},
{"learn":[0.02095774689],"iteration":77,"passed_time":0.2901551487,"remaining_time":0.08183863169},
{"learn":[0.02062678578],"iteration":78,"passed_time":0.2920890645,"remaining_time":0.07764392855},
{"learn":[0.02030067251],"iteration":79,"passed_time":0.2945295149,"remaining_time":0.07363237872},
{"learn":[0.01996144863],"iteration":80,"passed_time":0.2966743541,"remaining_time":0.06959028058},
{"learn":[0.01965178504],"iteration":81,"passed_time":0.2987975426,"remaining_time":0.06558970446},
{"learn":[0.01936188611],"iteration":82,"passed_time":0.3008670117,"remaining_time":0.06162336383},
{"learn":[0.01907492286],"iteration":83,"passed_time":0.3026230379,"remaining_time":0.05764248341},
{"learn":[0.01879930978],"iteration":84,"passed_time":0.3044358219,"remaining_time":0.05372396857},
{"learn":[0.0185318523],"iteration":85,"passed_time":0.3061435211,"remaining_time":0.0498373174},
{"learn":[0.01827281292],"iteration":86,"passed_time":0.3090002196,"remaining_time":0.04617244661},
{"learn":[0.01802153058],"iteration":87,"passed_time":0.310826481,"remaining_time":0.04238542923},
{"learn":[0.01777708049],"iteration":88,"passed_time":0.3127875499,"remaining_time":0.03865913538},
{"learn":[0.01754073784],"iteration":89,"passed_time":0.3148755727,"remaining_time":0.03498617475},
{"learn":[0.01730908288],"iteration":90,"passed_time":0.3167796284,"remaining_time":0.03132985336},
{"learn":[0.01708629517],"iteration":91,"passed_time":0.3189498873,"remaining_time":0.02773477281},
{"learn":[0.01686820599],"iteration":92,"passed_time":0.3210683301,"remaining_time":0.02416643345},
{"learn":[0.01665752464],"iteration":93,"passed_time":0.3259070464,"remaining_time":0.02080257743},
{"learn":[0.01645094819],"iteration":94,"passed_time":0.3284086219,"remaining_time":0.01728466431},
{"learn":[0.01625116185],"iteration":95,"passed_time":0.3402536186,"remaining_time":0.01417723411},
{"learn":[0.01605628717],"iteration":96,"passed_time":0.3428865334,"remaining_time":0.01060473815},
{"learn":[0.01586585816],"iteration":97,"passed_time":0.3450136356,"remaining_time":0.007041094605},
{"learn":[0.01568048651],"iteration":98,"passed_time":0.3474744656,"remaining_time":0.003509843087},
{"learn":[0.0155005732],"iteration":99,"passed_time":0.3506109836,"remaining_time":0}
]}