{
"meta":{"test_sets":[],"test_metrics":[],"learn_metrics":[{"best_value":"Min","name":"Logloss"}],"launch_mode":"Train","parameters":"","iteration_count":100,"learn_sets":["learn"],"name":"experiment"},
"iterations":[
{"learn":[0.6257210163],"iteration":0,"passed_time":0.1430871458,"remaining_time":14.16562743},
{"learn":[0.5658736951],"iteration":1,"passed_time":0.1465586678,"remaining_time":7.18137472},
{"learn":[0.5226108281],"iteration":2,"passed_time":0.1504511321,"remaining_time":4.864586605},
{"learn":[0.4732333097],"iteration":3,"passed_time":0.152539043,"remaining_time":3.660937033},
{"learn":[0.4326337179],"iteration":4,"passed_time":0.1551269936,"remaining_time":2.947412878},
{"learn":[0.3970549612],"iteration":5,"passed_time":0.1572254995,"remaining_time":2.463199492},
{"learn":[0.3655912611],"iteration":6,"passed_time":0.159003556,"remaining_time":2.112475815},
{"learn":[0.3392972465],"iteration":7,"passed_time":0.160841345,"remaining_time":1.849675468},
{"learn":[0.315809038],"iteration":8,"passed_time":0.1633348392,"remaining_time":1.651496707},
{"learn":[0.2910130048],"iteration":9,"passed_time":0.1667283164,"remaining_time":1.500554847},
{"learn":[0.2688600945],"iteration":10,"passed_time":0.1686094482,"remaining_time":1.364203717},
{"learn":[0.2505994084],"iteration":11,"passed_time":0.170486673,"remaining_time":1.250235602},
{"learn":[0.2318203859],"iteration":12,"passed_time":0.1726846093,"remaining_time":1.155658539},
{"learn":[0.2156525236],"iteration":13,"passed_time":0.1747165875,"remaining_time":1.073259038},
{"learn":[0.2024561949],"iteration":14,"passed_time":0.1764373173,"remaining_time":0.9998114648},
{"learn":[0.18828209],"iteration":15,"passed_time":0.1783365312,"remaining_time":0.9362667889},
{"learn":[0.1757551636],"iteration":16,"passed_time":0.1815026342,"remaining_time":0.88615992},
{"learn":[0.1650532424],"iteration":17,"passed_time":0.1834792025,"remaining_time":0.8358497001},
{"learn":[0.153148497],"iteration":18,"passed_time":0.1849580487,"remaining_time":0.7885053655},
{"learn":[0.1436161465],"iteration":19,"passed_time":0.1868833492,"remaining_time":0.7475333968},
{"learn":[0.1351046032],"iteration":20,"passed_time":0.1897144318,"remaining_time":0.7136876245},
{"learn":[0.1277367081],"iteration":21,"passed_time":0.1918778615,"remaining_time":0.6802942362},
{"learn":[0.120365085],"iteration":22,"passed_time":0.194240479,"remaining_time":0.6502833427},
{"learn":[0.114571292],"iteration":23,"passed_time":0.1969567606,"remaining_time":0.6236964085},
{"learn":[0.1087364043],"iteration":24,"passed_time":0.1984632453,"remaining_time":0.5953897358},
{"learn":[0.1042376046],"iteration":25,"passed_time":0.2001048098,"remaining_time":0.5695290739},
{"learn":[0.09875291767],"iteration":26,"passed_time":0.2026292596,"remaining_time":0.5478494795},
{"learn":[0.0945174092],"iteration":27,"passed_time":0.2042419798,"remaining_time":0.5251936622},
{"learn":[0.08966062527],"iteration":28,"passed_time":0.2063466735,"remaining_time":0.50519358},
{"learn":[0.08520443271],"iteration":29,"passed_time":0.2090743485,"remaining_time":0.4878401465},
{"learn":[0.08107968533],"iteration":30,"passed_time":0.2128680426,"remaining_time":0.4738030627},
{"learn":[0.07772334898],"iteration":31,"passed_time":0.2144403174,"remaining_time":0.4556856745},
{"learn":[0.07429471642],"iteration":32,"passed_time":0.2165554202,"remaining_time":0.4396731259},
{"learn":[0.07145389403],"iteration":33,"passed_time":0.2188179798,"remaining_time":0.4247643138},
{"learn":[0.06878248851],"iteration":34,"passed_time":0.2214623602,"remaining_time":0.4112872404},
{"learn":[0.0659311468],"iteration":35,"passed_time":0.2233242621,"remaining_time":0.3970209104},
{"learn":[0.06307032614],"iteration":36,"passed_time":0.2262028226,"remaining_time":0.3851561574},
{"learn":[0.06053107676],"iteration":37,"passed_time":0.2287622618,"remaining_time":0.3732436902},
{"learn":[0.05849763119],"iteration":38,"passed_time":0.2302676803,"remaining_time":0.3601622691},
{"learn":[0.05622210647],"iteration":39,"passed_time":0.2325518997,"remaining_time":0.3488278496},
{"learn":[0.05430072727],"iteration":40,"passed_time":0.2349513921,"remaining_time":0.3381007837},
{"learn":[0.05248344787],"iteration":41,"passed_time":0.2364944629,"remaining_time":0.3265875916},
{"learn":[0.05060044684],"iteration":42,"passed_time":0.2402086255,"remaining_time":0.3184160849},
{"learn":[0.04884019524],"iteration":43,"passed_time":0.2434712173,"remaining_time":0.3098724583},
{"learn":[0.04717770971],"iteration":44,"passed_time":0.2461661257,"remaining_time":0.3008697092},
{"learn":[0.0454602675],"iteration":45,"passed_time":0.2494605909,"remaining_time":0.2928450415},
{"learn":[0.04402256975],"iteration":46,"passed_time":0.2510957048,"remaining_time":0.2831504757},
{"learn":[0.0428846918],"iteration":47,"passed_time":0.2542694831,"remaining_time":0.2754586066},
{"learn":[0.04159409109],"iteration":48,"passed_time":0.2563490015,"remaining_time":0.266812226},
{"learn":[0.04030380345],"iteration":49,"passed_time":0.2579433841,"remaining_time":0.2579433841},
{"learn":[0.03886162633],"iteration":50,"passed_time":0.2604240959,"remaining_time":0.2502113863},
{"learn":[0.03774272312],"iteration":51,"passed_time":0.2622377403,"remaining_time":0.2420656065},
{"learn":[0.03675030458],"iteration":52,"passed_time":0.2637149957,"remaining_time":0.2338604678},
{"learn":[0.03573519774],"iteration":53,"passed_time":0.2661237802,"remaining_time":0.226698035},
{"learn":[0.03478018443],"iteration":54,"passed_time":0.2694624336,"remaining_time":0.2204692639},
{"learn":[0.0338014015],"iteration":55,"passed_time":0.271823382,"remaining_time":0.2135755144},
{"learn":[0.03295236164],"iteration":56,"passed_time":0.2746304539,"remaining_time":0.20717736},
{"learn":[0.03201280459],"iteration":57,"passed_time":0.2765496839,"remaining_time":0.2002601159},
{"learn":[0.03120925691],"iteration":58,"passed_time":0.2786298465,"remaining_time":0.1936241306},
{"learn":[0.03040824274],"iteration":59,"passed_time":0.2802304437,"remaining_time":0.1868202958},
{"learn":[0.02968109979],"iteration":60,"passed_time":0.2821445832,"remaining_time":0.1803875204},
{"learn":[0.02890849595],"iteration":61,"passed_time":0.2861770774,"remaining_time":0.1753988539},
{"learn":[0.02827308876],"iteration":62,"passed_time":0.2877969133,"remaining_time":0.169023584},
{"learn":[0.02758145814],"iteration":63,"passed_time":0.2898122832,"remaining_time":0.1630194093},
{"learn":[0.02701731162],"iteration":64,"passed_time":0.2919997504,"remaining_time":0.1572306348},
{"learn":[0.02636739943],"iteration":65,"passed_time":0.2941807917,"remaining_time":0.1515476806},
{"learn":[0.0258409712],"iteration":66,"passed_time":0.2958330786,"remaining_time":0.1457088298},
{"learn":[0.02530975775],"iteration":67,"passed_time":0.2975010778,"remaining_time":0.1400005072},
{"learn":[0.0247923509],"iteration":68,"passed_time":0.300619446,"remaining_time":0.1350609105},
{"learn":[0.02432853044],"iteration":69,"passed_time":0.3031092329,"remaining_time":0.1299039569},
{"learn":[0.02387585303],"iteration":70,"passed_time":0.3047362272,"remaining_time":0.1244697266},
{"learn":[0.02338758864],"iteration":71,"passed_time":0.3072134068,"remaining_time":0.1194718804},
{"learn":[0.02294062846],"iteration":72,"passed_time":0.3087460396,"remaining_time":0.1141937407},
{"learn":[0.02252519492],"iteration":73,"passed_time":0.310181111,"remaining_time":0.1089825525},
{"learn":[0.02210877881],"iteration":74,"passed_time":0.3115288779,"remaining_time":0.1038429593},
{"learn":[0.02169237956],"iteration":75,"passed_time":0.3145085132,"remaining_time":0.09931847784},
{"learn":[0.02133013263],"iteration":76,"passed_time":0.3161975128,"remaining_time":0.09444860773},
{"learn":[0.02095774689],"iteration":77,"passed_time":0.3176824275,"remaining_time":0.08960273595},
{"learn":[0.02062678578],"iteration":78,"passed_time":0.319137787,"remaining_time":0.08483409528},
{"learn":[0.02030067251],"iteration":79,"passed_time":0.3205834801,"remaining_time":0.08014587004},
{"learn":[0.01996144863],"iteration":80,"passed_time":0.3219640172,"remaining_time":0.0755224238},
{"learn":[0.01965178504],"iteration":81,"passed_time":0.3233270397,"remaining_time":0.07097422823},
{"learn":[0.01936188611],"iteration":82,"passed_time":0.324804282,"remaining_time":0.06652617825},
{"learn":[0.01907492286],"iteration":83,"passed_time":0.3263019139,"remaining_time":0.0621527455},
{"learn":[0.01879930978],"iteration":84,"passed_time":0.3301633546,"remaining_time":0.05826412139},
{"learn":[0.0185318523],"iteration":85,"passed_time":0.3317003229,"remaining_time":0.05399772699},
{"learn":[0.01827281292],"iteration":86,"passed_time":0.3334785039,"remaining_time":0.04983012127},
{"learn":[0.01802153058],"iteration":87,"passed_time":0.3349333025,"remaining_time":0.04567272307},
{"learn":[0.01777708049],"iteration":88,"passed_time":0.3364020097,"remaining_time":0.04157777648},
{"learn":[0.01754073784],"iteration":89,"passed_time":0.3378473084,"remaining_time":0.03753858982},
{"learn":[0.01730908288],"iteration":90,"passed_time":0.3393543171,"remaining_time":0.03356251488},
{"learn":[0.01708629517],"iteration":91,"passed_time":0.3409944108,"remaining_time":0.0296516879},
{"learn":[0.01686820599],"iteration":92,"passed_time":0.3439391443,"remaining_time":0.02588789258},
{"learn":[0.01665752464],"iteration":93,"passed_time":0.345749245,"remaining_time":0.02206910074},
{"learn":[0.01645094819],"iteration":94,"passed_time":0.3473022326,"remaining_time":0.01827906487},
{"learn":[0.01625116185],"iteration":95,"passed_time":0.3486461445,"remaining_time":0.01452692269},
{"learn":[0.01605628717],"iteration":96,"passed_time":0.3501280242,"remaining_time":0.01082870178},
{"learn":[0.01586585816],"iteration":97,"passed_time":0.3515278456,"remaining_time":0.007174037665},
{"learn":[0.01568048651],"iteration":98,"passed_time":0.3529299006,"remaining_time":0.003564948491},
{"learn":[0.0155005732],"iteration":99,"passed_time":0.3543572251,"remaining_time":0}
]}