{
"meta":{"test_sets":[],"test_metrics":[],"learn_metrics":[{"best_value":"Min","name":"Logloss"}],"launch_mode":"Train","parameters":"","iteration_count":100,"learn_sets":["learn"],"name":"experiment"},
"iterations":[
{"learn":[0.672641022],"iteration":0,"passed_time":0.1297045071,"remaining_time":12.8407462},
{"learn":[0.6531755852],"iteration":1,"passed_time":0.131910203,"remaining_time":6.463599947},
{"learn":[0.6361862337],"iteration":2,"passed_time":0.1341109557,"remaining_time":4.336254234},
{"learn":[0.6170483213],"iteration":3,"passed_time":0.1365423751,"remaining_time":3.277017002},
{"learn":[0.599152382],"iteration":4,"passed_time":0.1387624352,"remaining_time":2.636486268},
{"learn":[0.5813559715],"iteration":5,"passed_time":0.1422216193,"remaining_time":2.228138703},
{"learn":[0.5641615897],"iteration":6,"passed_time":0.145206771,"remaining_time":1.929175672},
{"learn":[0.5486740729],"iteration":7,"passed_time":0.1472749914,"remaining_time":1.693662401},
{"learn":[0.5342108987],"iteration":8,"passed_time":0.1529589528,"remaining_time":1.546584967},
{"learn":[0.5190252439],"iteration":9,"passed_time":0.1551118199,"remaining_time":1.396006379},
{"learn":[0.5044678582],"iteration":10,"passed_time":0.1573930486,"remaining_time":1.273452848},
{"learn":[0.4903119405],"iteration":11,"passed_time":0.1593194388,"remaining_time":1.168342551},
{"learn":[0.4765361824],"iteration":12,"passed_time":0.1614753328,"remaining_time":1.080642612},
{"learn":[0.4641057409],"iteration":13,"passed_time":0.1692864369,"remaining_time":1.039902398},
{"learn":[0.4517198042],"iteration":14,"passed_time":0.1714624279,"remaining_time":0.9716204246},
{"learn":[0.4392191569],"iteration":15,"passed_time":0.1760944283,"remaining_time":0.9244957488},
{"learn":[0.4278279699],"iteration":16,"passed_time":0.179658091,"remaining_time":0.8771542088},
{"learn":[0.4174373126],"iteration":17,"passed_time":0.1821264887,"remaining_time":0.8296873376},
{"learn":[0.4060451238],"iteration":18,"passed_time":0.183884884,"remaining_time":0.7839302948},
{"learn":[0.3956308847],"iteration":19,"passed_time":0.1859294893,"remaining_time":0.7437179573},
{"learn":[0.3866582543],"iteration":20,"passed_time":0.1881963848,"remaining_time":0.707976876},
{"learn":[0.3774867202],"iteration":21,"passed_time":0.1902446202,"remaining_time":0.6745036535},
{"learn":[0.3682928374],"iteration":22,"passed_time":0.1918736567,"remaining_time":0.6423596332},
{"learn":[0.3587509695],"iteration":23,"passed_time":0.1950460805,"remaining_time":0.6176459216},
{"learn":[0.3507775201],"iteration":24,"passed_time":0.1976413787,"remaining_time":0.5929241362},
{"learn":[0.3426036642],"iteration":25,"passed_time":0.1995865674,"remaining_time":0.5680540765},
{"learn":[0.3344056101],"iteration":26,"passed_time":0.2030235933,"remaining_time":0.5489156411},
{"learn":[0.3265177409],"iteration":27,"passed_time":0.2060118875,"remaining_time":0.5297448535},
{"learn":[0.31891293],"iteration":28,"passed_time":0.2077690042,"remaining_time":0.5086758378},
{"learn":[0.3109427173],"iteration":29,"passed_time":0.2098375037,"remaining_time":0.489620842},
{"learn":[0.3037426881],"iteration":30,"passed_time":0.2132045645,"remaining_time":0.4745520952},
{"learn":[0.2969988043],"iteration":31,"passed_time":0.2152374968,"remaining_time":0.4573796806},
{"learn":[0.2902232469],"iteration":32,"passed_time":0.217037357,"remaining_time":0.4406516035},
{"learn":[0.284189571],"iteration":33,"passed_time":0.2202868425,"remaining_time":0.4276156355},
{"learn":[0.2776106247],"iteration":34,"passed_time":0.2223659503,"remaining_time":0.4129653362},
{"learn":[0.2708533316],"iteration":35,"passed_time":0.2259338049,"remaining_time":0.4016600976},
{"learn":[0.264067409],"iteration":36,"passed_time":0.2286824923,"remaining_time":0.3893782977},
{"learn":[0.2577999385],"iteration":37,"passed_time":0.2309069116,"remaining_time":0.3767428558},
{"learn":[0.2517132422],"iteration":38,"passed_time":0.2339608794,"remaining_time":0.3659388114},
{"learn":[0.2472366179],"iteration":39,"passed_time":0.2362312466,"remaining_time":0.3543468699},
{"learn":[0.2419490044],"iteration":40,"passed_time":0.2390831546,"remaining_time":0.3440464908},
{"learn":[0.2369821337],"iteration":41,"passed_time":0.2438107141,"remaining_time":0.3366909861},
{"learn":[0.231947947],"iteration":42,"passed_time":0.2462332715,"remaining_time":0.3264022436},
{"learn":[0.2268695639],"iteration":43,"passed_time":0.2481468993,"remaining_time":0.3158233264},
{"learn":[0.2225113878],"iteration":44,"passed_time":0.2503841819,"remaining_time":0.3060251112},
{"learn":[0.2182774785],"iteration":45,"passed_time":0.2532765481,"remaining_time":0.2973246434},
{"learn":[0.2139025987],"iteration":46,"passed_time":0.2645774538,"remaining_time":0.298353299},
{"learn":[0.2092731746],"iteration":47,"passed_time":0.2675388284,"remaining_time":0.2898337308},
{"learn":[0.2054581883],"iteration":48,"passed_time":0.2692924196,"remaining_time":0.2802839469},
{"learn":[0.2013627062],"iteration":49,"passed_time":0.2726061582,"remaining_time":0.2726061582},
{"learn":[0.1972320441],"iteration":50,"passed_time":0.2751729379,"remaining_time":0.2643818423},
{"learn":[0.1932510415],"iteration":51,"passed_time":0.2766455589,"remaining_time":0.2553651313},
{"learn":[0.189292638],"iteration":52,"passed_time":0.2785094865,"remaining_time":0.2469801107},
{"learn":[0.1858816436],"iteration":53,"passed_time":0.2806170251,"remaining_time":0.2390441325},
{"learn":[0.1828764328],"iteration":54,"passed_time":0.2825847381,"remaining_time":0.2312056948},
{"learn":[0.179747148],"iteration":55,"passed_time":0.284590468,"remaining_time":0.2236067963},
{"learn":[0.1769625731],"iteration":56,"passed_time":0.2895205263,"remaining_time":0.2184102216},
{"learn":[0.1735836954],"iteration":57,"passed_time":0.2917287085,"remaining_time":0.2112518234},
{"learn":[0.1707237128],"iteration":58,"passed_time":0.293793494,"remaining_time":0.2041615806},
{"learn":[0.1674489879],"iteration":59,"passed_time":0.2959765963,"remaining_time":0.1973177309},
{"learn":[0.1641852832],"iteration":60,"passed_time":0.2981705278,"remaining_time":0.1906336161},
{"learn":[0.1609271464],"iteration":61,"passed_time":0.3003191926,"remaining_time":0.1840666019},
{"learn":[0.1577407856],"iteration":62,"passed_time":0.3040601953,"remaining_time":0.1785750353},
{"learn":[0.1549483598],"iteration":63,"passed_time":0.3061054023,"remaining_time":0.1721842888},
{"learn":[0.1523893915],"iteration":64,"passed_time":0.3083368947,"remaining_time":0.1660275587},
{"learn":[0.1498363572],"iteration":65,"passed_time":0.3115727982,"remaining_time":0.1605071991},
{"learn":[0.1474077533],"iteration":66,"passed_time":0.3142069418,"remaining_time":0.154758643},
{"learn":[0.1450808747],"iteration":67,"passed_time":0.3183850524,"remaining_time":0.1498282599},
{"learn":[0.1425754085],"iteration":68,"passed_time":0.3205717656,"remaining_time":0.1440249962},
{"learn":[0.1400557817],"iteration":69,"passed_time":0.3222482877,"remaining_time":0.138106409},
{"learn":[0.1377177383],"iteration":70,"passed_time":0.3241737912,"remaining_time":0.1324090133},
{"learn":[0.1351211625],"iteration":71,"passed_time":0.3259645537,"remaining_time":0.1267639931},
{"learn":[0.1331736825],"iteration":72,"passed_time":0.3282397264,"remaining_time":0.1214037344},
{"learn":[0.1309845472],"iteration":73,"passed_time":0.3301762991,"remaining_time":0.1160078889},
{"learn":[0.1286410515],"iteration":74,"passed_time":0.3352599388,"remaining_time":0.1117533129},
{"learn":[0.1266142335],"iteration":75,"passed_time":0.3371279118,"remaining_time":0.1064614458},
{"learn":[0.12454109],"iteration":76,"passed_time":0.3390545141,"remaining_time":0.1012760237},
{"learn":[0.1225848535],"iteration":77,"passed_time":0.3410826777,"remaining_time":0.09620280653},
{"learn":[0.1204261972],"iteration":78,"passed_time":0.3440967699,"remaining_time":0.09146876161},
{"learn":[0.1188082647],"iteration":79,"passed_time":0.3463459244,"remaining_time":0.0865864811},
{"learn":[0.1168580103],"iteration":80,"passed_time":0.349740407,"remaining_time":0.08203787326},
{"learn":[0.1152787449],"iteration":81,"passed_time":0.3526383881,"remaining_time":0.07740842666},
{"learn":[0.113696108],"iteration":82,"passed_time":0.3559764289,"remaining_time":0.07291083483},
{"learn":[0.1120164563],"iteration":83,"passed_time":0.3579118468,"remaining_time":0.0681736851},
{"learn":[0.1102742089],"iteration":84,"passed_time":0.3597872494,"remaining_time":0.06349186753},
{"learn":[0.1085400341],"iteration":85,"passed_time":0.3617005818,"remaining_time":0.05888149007},
{"learn":[0.1067215987],"iteration":86,"passed_time":0.3651288746,"remaining_time":0.05455948701},
{"learn":[0.1048343639],"iteration":87,"passed_time":0.3670273627,"remaining_time":0.05004918582},
{"learn":[0.103175616],"iteration":88,"passed_time":0.3699736094,"remaining_time":0.04572707532},
{"learn":[0.101610858],"iteration":89,"passed_time":0.3718352693,"remaining_time":0.04131502993},
{"learn":[0.1002518432],"iteration":90,"passed_time":0.3753770631,"remaining_time":0.03712520404},
{"learn":[0.09860246832],"iteration":91,"passed_time":0.3788057329,"remaining_time":0.03293962895},
{"learn":[0.09705318104],"iteration":92,"passed_time":0.3815949514,"remaining_time":0.02872220065},
{"learn":[0.09591015902],"iteration":93,"passed_time":0.3839609005,"remaining_time":0.02450814258},
{"learn":[0.09442135782],"iteration":94,"passed_time":0.3865387391,"remaining_time":0.02034414416},
{"learn":[0.093037114],"iteration":95,"passed_time":0.3892699529,"remaining_time":0.01621958137},
{"learn":[0.09183883667],"iteration":96,"passed_time":0.3911707609,"remaining_time":0.01209806477},
{"learn":[0.09063934557],"iteration":97,"passed_time":0.3957854049,"remaining_time":0.008077253162},
{"learn":[0.08938980103],"iteration":98,"passed_time":0.3975691916,"remaining_time":0.00401585042},
{"learn":[0.08833095281],"iteration":99,"passed_time":0.3993300017,"remaining_time":0}
]}