{
"meta":{"test_sets":[],"test_metrics":[],"learn_metrics":[{"best_value":"Min","name":"Logloss"}],"launch_mode":"Train","parameters":"","iteration_count":100,"learn_sets":["learn"],"name":"experiment"},
"iterations":[
{"learn":[0.6257210163],"iteration":0,"passed_time":0.1433980942,"remaining_time":14.19641132},
{"learn":[0.5658736951],"iteration":1,"passed_time":0.1483267429,"remaining_time":7.268010404},
{"learn":[0.5226108281],"iteration":2,"passed_time":0.1610607692,"remaining_time":5.207631536},
{"learn":[0.4732333097],"iteration":3,"passed_time":0.1665190374,"remaining_time":3.996456897},
{"learn":[0.4326337179],"iteration":4,"passed_time":0.1706053724,"remaining_time":3.241502075},
{"learn":[0.3970549612],"iteration":5,"passed_time":0.1732105836,"remaining_time":2.713632477},
{"learn":[0.3655912611],"iteration":6,"passed_time":0.1758053841,"remaining_time":2.335700103},
{"learn":[0.3392972465],"iteration":7,"passed_time":0.1782975151,"remaining_time":2.050421424},
{"learn":[0.315809038],"iteration":8,"passed_time":0.1803864135,"remaining_time":1.82390707},
{"learn":[0.2910130048],"iteration":9,"passed_time":0.1826910255,"remaining_time":1.644219229},
{"learn":[0.2688600945],"iteration":10,"passed_time":0.1858622769,"remaining_time":1.503794786},
{"learn":[0.2505994084],"iteration":11,"passed_time":0.1890246032,"remaining_time":1.386180423},
{"learn":[0.2318203859],"iteration":12,"passed_time":0.1916199663,"remaining_time":1.282379774},
{"learn":[0.2156525236],"iteration":13,"passed_time":0.1939138187,"remaining_time":1.191184886},
{"learn":[0.2024561949],"iteration":14,"passed_time":0.1959440493,"remaining_time":1.110349613},
{"learn":[0.18828209],"iteration":15,"passed_time":0.2005058283,"remaining_time":1.052655599},
{"learn":[0.1757551636],"iteration":16,"passed_time":0.2029106106,"remaining_time":0.9906812163},
{"learn":[0.1650532424],"iteration":17,"passed_time":0.2051936418,"remaining_time":0.9347710349},
{"learn":[0.153148497],"iteration":18,"passed_time":0.2073302222,"remaining_time":0.8838814738},
{"learn":[0.1436161465],"iteration":19,"passed_time":0.2093749261,"remaining_time":0.8374997043},
{"learn":[0.1351046032],"iteration":20,"passed_time":0.2115557598,"remaining_time":0.7958526203},
{"learn":[0.1277367081],"iteration":21,"passed_time":0.2161054438,"remaining_time":0.7661920279},
{"learn":[0.120365085],"iteration":22,"passed_time":0.2182680544,"remaining_time":0.7307234866},
{"learn":[0.114571292],"iteration":23,"passed_time":0.2207085034,"remaining_time":0.6989102608},
{"learn":[0.1087364043],"iteration":24,"passed_time":0.2228654552,"remaining_time":0.6685963655},
{"learn":[0.1042376046],"iteration":25,"passed_time":0.224899008,"remaining_time":0.6400971765},
{"learn":[0.09875291767],"iteration":26,"passed_time":0.2272564801,"remaining_time":0.614434187},
{"learn":[0.0945174092],"iteration":27,"passed_time":0.2305543954,"remaining_time":0.5928541597},
{"learn":[0.08966062527],"iteration":28,"passed_time":0.2332105637,"remaining_time":0.5709637939},
{"learn":[0.08520443271],"iteration":29,"passed_time":0.2357658359,"remaining_time":0.5501202838},
{"learn":[0.08107968533],"iteration":30,"passed_time":0.2380241934,"remaining_time":0.5297957854},
{"learn":[0.07772334898],"iteration":31,"passed_time":0.2400907129,"remaining_time":0.5101927649},
{"learn":[0.07429471642],"iteration":32,"passed_time":0.2423715321,"remaining_time":0.492087656},
{"learn":[0.07145389403],"iteration":33,"passed_time":0.2468632631,"remaining_time":0.4792051578},
{"learn":[0.06878248851],"iteration":34,"passed_time":0.2492290964,"remaining_time":0.4628540362},
{"learn":[0.0659311468],"iteration":35,"passed_time":0.2514516139,"remaining_time":0.4470250914},
{"learn":[0.06307032614],"iteration":36,"passed_time":0.2536157189,"remaining_time":0.4318321701},
{"learn":[0.06053107676],"iteration":37,"passed_time":0.2561930612,"remaining_time":0.4179992052},
{"learn":[0.05849763119],"iteration":38,"passed_time":0.2599760621,"remaining_time":0.4066292253},
{"learn":[0.05622210647],"iteration":39,"passed_time":0.2623035794,"remaining_time":0.393455369},
{"learn":[0.05430072727],"iteration":40,"passed_time":0.2648698033,"remaining_time":0.3811541071},
{"learn":[0.05248344787],"iteration":41,"passed_time":0.2676059104,"remaining_time":0.3695510191},
{"learn":[0.05060044684],"iteration":42,"passed_time":0.270193839,"remaining_time":0.3581639261},
{"learn":[0.04884019524],"iteration":43,"passed_time":0.2729444251,"remaining_time":0.3473838138},
{"learn":[0.04717770971],"iteration":44,"passed_time":0.2755731297,"remaining_time":0.336811603},
{"learn":[0.0454602675],"iteration":45,"passed_time":0.2781624504,"remaining_time":0.3265385287},
{"learn":[0.04402256975],"iteration":46,"passed_time":0.2814807385,"remaining_time":0.3174144497},
{"learn":[0.0428846918],"iteration":47,"passed_time":0.2847198765,"remaining_time":0.3084465329},
{"learn":[0.04159409109],"iteration":48,"passed_time":0.2873238929,"remaining_time":0.2990513987},
{"learn":[0.04030380345],"iteration":49,"passed_time":0.293184193,"remaining_time":0.293184193},
{"learn":[0.03886162633],"iteration":50,"passed_time":0.2967849712,"remaining_time":0.2851463449},
{"learn":[0.03774272312],"iteration":51,"passed_time":0.3001649098,"remaining_time":0.2770753014},
{"learn":[0.03675030458],"iteration":52,"passed_time":0.3026384415,"remaining_time":0.2683774858},
{"learn":[0.03573519774],"iteration":53,"passed_time":0.3086853572,"remaining_time":0.2629541932},
{"learn":[0.03478018443],"iteration":54,"passed_time":0.3150829759,"remaining_time":0.2577951621},
{"learn":[0.0338014015],"iteration":55,"passed_time":0.3173838155,"remaining_time":0.2493729979},
{"learn":[0.03295236164],"iteration":56,"passed_time":0.3224045171,"remaining_time":0.2432174427},
{"learn":[0.03201280459],"iteration":57,"passed_time":0.326712682,"remaining_time":0.2365850456},
{"learn":[0.03120925691],"iteration":58,"passed_time":0.3290911955,"remaining_time":0.2286904918},
{"learn":[0.03040824274],"iteration":59,"passed_time":0.3314033949,"remaining_time":0.2209355966},
{"learn":[0.02968109979],"iteration":60,"passed_time":0.3339462067,"remaining_time":0.2135065911},
{"learn":[0.02890849595],"iteration":61,"passed_time":0.3371381173,"remaining_time":0.2066330396},
{"learn":[0.02827308876],"iteration":62,"passed_time":0.3397449099,"remaining_time":0.1995327248},
{"learn":[0.02758145814],"iteration":63,"passed_time":0.3429586448,"remaining_time":0.1929142377},
{"learn":[0.02701731162],"iteration":64,"passed_time":0.3460464004,"remaining_time":0.1863326771},
{"learn":[0.02636739943],"iteration":65,"passed_time":0.3497373933,"remaining_time":0.1801677481},
{"learn":[0.0258409712],"iteration":66,"passed_time":0.3565802757,"remaining_time":0.175629091},
{"learn":[0.02530975775],"iteration":67,"passed_time":0.3600701603,"remaining_time":0.1694447813},
{"learn":[0.0247923509],"iteration":68,"passed_time":0.3638798801,"remaining_time":0.163482265},
{"learn":[0.02432853044],"iteration":69,"passed_time":0.3670147957,"remaining_time":0.1572920553},
{"learn":[0.02387585303],"iteration":70,"passed_time":0.3709243487,"remaining_time":0.1515043114},
{"learn":[0.02338758864],"iteration":71,"passed_time":0.3736701873,"remaining_time":0.1453161839},
{"learn":[0.02294062846],"iteration":72,"passed_time":0.3768620334,"remaining_time":0.1393873274},
{"learn":[0.02252519492],"iteration":73,"passed_time":0.3819868088,"remaining_time":0.1342115815},
{"learn":[0.02210877881],"iteration":74,"passed_time":0.3865163976,"remaining_time":0.1288387992},
{"learn":[0.02169237956],"iteration":75,"passed_time":0.3908106433,"remaining_time":0.1234138874},
{"learn":[0.02133013263],"iteration":76,"passed_time":0.3939621752,"remaining_time":0.1176770134},
{"learn":[0.02095774689],"iteration":77,"passed_time":0.3989852005,"remaining_time":0.1125342873},
{"learn":[0.02062678578],"iteration":78,"passed_time":0.4025993353,"remaining_time":0.1070200765},
{"learn":[0.02030067251],"iteration":79,"passed_time":0.4065894514,"remaining_time":0.1016473629},
{"learn":[0.01996144863],"iteration":80,"passed_time":0.4167641235,"remaining_time":0.09775948576},
{"learn":[0.01965178504],"iteration":81,"passed_time":0.4413283196,"remaining_time":0.09687694821},
{"learn":[0.01936188611],"iteration":82,"passed_time":0.4650076162,"remaining_time":0.0952425238},
{"learn":[0.01907492286],"iteration":83,"passed_time":0.4938955807,"remaining_time":0.09407534871},
{"learn":[0.01879930978],"iteration":84,"passed_time":0.5027195073,"remaining_time":0.08871520717},
{"learn":[0.0185318523],"iteration":85,"passed_time":0.5107751027,"remaining_time":0.08314943533},
{"learn":[0.01827281292],"iteration":86,"passed_time":0.5169905329,"remaining_time":0.07725145894},
{"learn":[0.01802153058],"iteration":87,"passed_time":0.522590666,"remaining_time":0.07126236355},
{"learn":[0.01777708049],"iteration":88,"passed_time":0.5313094725,"remaining_time":0.06566746289},
{"learn":[0.01754073784],"iteration":89,"passed_time":0.5451315425,"remaining_time":0.06057017139},
{"learn":[0.01730908288],"iteration":90,"passed_time":0.5489613503,"remaining_time":0.05429288079},
{"learn":[0.01708629517],"iteration":91,"passed_time":0.5520392975,"remaining_time":0.04800341718},
{"learn":[0.01686820599],"iteration":92,"passed_time":0.559258887,"remaining_time":0.04209475493},
{"learn":[0.01665752464],"iteration":93,"passed_time":0.5635468183,"remaining_time":0.03597107351},
{"learn":[0.01645094819],"iteration":94,"passed_time":0.5717989363,"remaining_time":0.03009468086},
{"learn":[0.01625116185],"iteration":95,"passed_time":0.5747670985,"remaining_time":0.02394862911},
{"learn":[0.01605628717],"iteration":96,"passed_time":0.5806429565,"remaining_time":0.01795802958},
{"learn":[0.01586585816],"iteration":97,"passed_time":0.5904058659,"remaining_time":0.0120490993},
{"learn":[0.01568048651],"iteration":98,"passed_time":0.5955933599,"remaining_time":0.006016094545},
{"learn":[0.0155005732],"iteration":99,"passed_time":0.5982482833,"remaining_time":0}
]}